,2010,2011,2012,2013,2014,2015,2016,2017,2018,2019,2020,2021
BE,0.64,0.63,0.67,0.66,0.65,0.66,0.64,0.65,0.64,0.62,0.66,0.65
BG,0.73,0.71,0.71,0.71,0.71,0.7,0.73,0.7,0.73,0.74,0.75,0.75
CZ,0.64,0.63,0.63,0.63,0.64,0.62,0.62,0.59,0.61,0.59,0.59,0.61
DK,0.72,0.72,0.68,0.68,0.66,0.65,0.66,0.65,0.65,0.63,0.62,0.58
DE,0.52,0.52,0.51,0.51,0.49,0.7,0.69,0.69,0.69,0.7,0.67,0.67
EE,0.51,0.5,0.48,0.48,0.48,0.47,0.51,0.49,0.47,0.51,0.53,0.55
IE,0.68,0.7,0.7,0.69,0.7,0.7,0.72,0.72,0.73,0.74,0.67,0.7
EL,0.62,0.62,0.59,0.57,0.56,0.58,0.58,0.58,0.57,0.59,0.59,0.6
ES,0.6,0.61,0.6,0.59,0.6,0.59,0.62,0.69,0.66,0.69,0.67,0.6
FR,0.59,0.6,0.6,0.61,0.61,0.61,0.6,0.6,0.62,0.62,0.64,0.67
HR,0.56,0.59,0.62,0.52,0.52,0.47,0.49,0.49,0.48,0.47,0.5,0.52
IT,,0.55,0.54,0.54,0.54,0.55,0.64,0.62,0.61,0.64,0.66,0.66
CY,0.6,0.53,0.59,0.6,0.62,0.57,0.66,0.61,0.54,0.55,0.55,0.63
LV,0.52,0.5,0.55,0.45,0.46,0.45,0.46,0.43,0.45,0.46,0.45,0.5
LT,0.59,0.58,0.56,0.56,0.56,0.52,0.53,0.53,0.53,0.53,0.54,0.56
LU,0.68,0.69,0.68,0.63,0.64,0.6,0.55,0.56,0.57,0.61,0.64,0.62
HU,0.53,0.55,0.57,0.56,0.55,0.55,0.57,0.58,0.6,0.6,0.64,0.65
MT,0.72,0.72,0.76,0.75,0.77,0.78,0.73,0.77,0.77,0.78,0.73,0.69
NL,0.6,0.62,0.62,0.58,0.61,0.59,0.6,0.6,0.59,0.6,0.61,0.59
AT,0.55,0.55,0.59,0.57,0.53,0.53,0.52,0.51,0.51,0.52,0.55,0.6
PL,0.58,0.6,0.59,0.59,0.59,0.6,0.62,0.61,0.62,0.62,0.63,0.65
PT,0.5,0.52,0.62,0.61,0.48,0.47,0.51,0.52,0.52,0.52,0.54,0.53
RO,0.53,0.52,0.53,0.53,0.55,0.56,0.55,0.53,0.56,0.58,0.58,0.52
SI,0.49,0.48,0.51,0.53,0.55,0.54,0.54,0.49,0.5,0.57,0.66,0.67
SK,0.41,0.41,0.42,0.44,0.45,0.45,0.47,0.45,0.46,0.46,0.48,0.52
FI,0.57,0.56,0.55,,0.57,0.56,0.57,0.56,0.57,0.56,0.57,0.63
NO,0.8,0.88,0.83,0.79,0.81,0.8,0.79,0.8,0.79,0.79,0.76,
SE,0.72,0.7,,0.72,0.83,0.83,0.83,0.82,0.82,0.82,0.83,0.75
IS,0.76,0.75,0.75,0.79,0.77,0.78,0.76,0.7,0.67,,,
CH,0.66,0.69,0.73,0.6,0.57,0.58,0.57,0.59,0.58,0.6,0.62,0.61
