,2010,2011,2012,2013,2014,2015,2017,2018,2019
BE,63.3,60.5,68.6,59.0,53.0,60.2,60.4,58.5,72.6
BG,63.5,60.9,69.4,60.7,53.4,61.1,61.1,58.7,72.8
CZ,64.6,59.1,69.6,63.1,53.0,61.7,61.0,58.1,73.3
DK,63.9,59.7,66.9,59.0,51.4,70.7,61.0,55.0,68.8
DE,64.1,60.9,66.6,59.3,52.3,70.3,61.3,55.5,68.5
EE,64.2,58.9,64.9,56.1,53.1,71.9,61.6,60.9,69.3
IE,63.7,58.3,64.9,57.6,59.8,72.1,62.0,52.2,69.3
EL,63.4,58.2,64.5,57.5,59.5,73.4,62.4,52.2,68.8
ES,62.4,57.6,64.0,57.4,59.1,73.6,62.5,53.3,68.9
FR,65.0,57.4,64.8,None,59.2,72.7,58.0,54.4,63.1
HR,64.0,56.5,65.4,63.0,59.7,72.7,59.6,55.1,62.4
IT,63.9,66.4,66.0,61.8,56.5,73.2,63.6,54.9,None
CY,64.5,66.0,64.2,61.6,58.1,60.7,63.0,55.6,69.9
LV,64.0,65.8,65.5,62.4,57.7,61.5,56.9,56.1,75.1
LT,63.2,66.3,65.3,62.6,57.5,61.2,56.5,56.2,71.3
LU,64.5,56.2,64.3,66.3,65.5,59.5,58.5,58.2,70.0
HU,65.8,56.1,65.0,66.8,66.5,61.2,58.6,58.0,71.1
MT,66.3,55.1,64.0,68.3,66.1,59.1,59.2,56.7,70.4
NL,63.3,55.5,69.4,64.7,63.3,60.0,57.4,None,70.9
AT,62.9,55.2,68.0,61.3,63.8,59.2,57.5,58.2,70.4
PL,63.2,55.0,69.9,63.7,62.2,61.0,57.6,57.8,69.8
PT,63.3,56.0,62.6,64.7,59.2,60.1,58.4,57.4,64.5
RO,64.1,53.9,63.1,66.0,60.7,59.8,59.0,57.4,65.5
SI,63.0,55.8,63.2,63.3,62.6,61.4,59.2,56.4,68.2
SK,61.4,66.4,63.6,65.2,57.5,59.9,58.7,66.1,60.0
FI,62.7,67.2,63.8,62.2,58.4,57.7,59.4,65.5,58.6
SE,62.0,67.2,63.6,62.5,59.8,58.0,60.2,None,59.4
IS,62.0,66.9,63.7,54.8,59.5,57.1,53.9,65.8,60.6
NO,61.8,66.9,63.9,55.1,59.9,56.9,53.9,72.9,60.5
CH,61.4,67.2,64.1,56.8,59.1,57.3,56.0,72.7,60.6
